state,year,avg_temp_c,total_rainfall_mm,avg_humidity_percent
Andhra Pradesh,1997,28.53,927.5,68.1
Andhra Pradesh,1998,28.53,1048.3,70.5
Andhra Pradesh,1999,28.53,650.4,67.0
Andhra Pradesh,2000,28.8,935.6,69.2
Andhra Pradesh,2001,28.41,928.4,68.9
Andhra Pradesh,2002,28.55,648.1,66.7
Andhra Pradesh,2003,28.64,826.0,65.6
Andhra Pradesh,2004,28.28,781.8,67.1
Andhra Pradesh,2005,28.33,1075.5,69.1
Andhra Pradesh,2006,28.46,845.2,66.3
Andhra Pradesh,2007,28.89,1004.2,68.2
Andhra Pradesh,2008,28.66,944.6,66.6
Andhra Pradesh,2009,28.65,711.0,67.6
Andhra Pradesh,2010,28.31,1297.0,70.0
Andhra Pradesh,2011,28.62,861.9,67.7
Andhra Pradesh,2012,28.59,968.7,70.6
Andhra Pradesh,2013,28.69,1062.3,67.4
Andhra Pradesh,2014,29.03,687.6,65.9
Andhra Pradesh,2015,28.83,940.7,65.9
Andhra Pradesh,2016,28.56,890.0,68.4
Andhra Pradesh,2017,29.0,868.2,68.2
Andhra Pradesh,2018,28.71,1220.5,68.9
Andhra Pradesh,2019,28.58,899.2,67.3
Andhra Pradesh,2020,29.06,1031.2,69.0
Telangana,1997,27.96,770.4,62.7
Telangana,1998,27.94,998.8,65.2
Telangana,1999,27.56,1268.2,64.6
Telangana,2000,27.95,1255.9,64.3
Telangana,2001,27.63,1077.5,62.8
Telangana,2002,28.19,954.5,63.8
Telangana,2003,28.03,915.7,62.9
Telangana,2004,28.25,1005.7,64.0
Telangana,2005,27.33,1267.1,65.9
Telangana,2006,27.82,1254.4,65.0
Telangana,2007,27.95,1022.7,64.5
Telangana,2008,27.9,1038.9,63.2
Telangana,2009,28.3,820.1,63.8
Telangana,2010,28.2,902.1,63.8
Telangana,2011,27.87,1182.4,64.2
Telangana,2012,27.72,1222.9,65.1
Telangana,2013,28.03,1348.7,65.2
Telangana,2014,28.19,746.4,61.4
Telangana,2015,28.18,747.9,62.7
Telangana,2016,28.04,942.6,63.6
Telangana,2017,28.35,815.7,65.6
Telangana,2018,28.11,1350.3,65.5
Telangana,2019,28.21,1031.7,61.8
Telangana,2020,28.25,1057.2,67.2
Tamil Nadu,1997,29.01,864.7,71.5
Tamil Nadu,1998,28.66,1077.1,73.6
Tamil Nadu,1999,29.12,922.8,72.7
Tamil Nadu,2000,28.79,971.1,73.6
Tamil Nadu,2001,28.91,481.3,70.9
Tamil Nadu,2002,29.71,315.9,68.4
Tamil Nadu,2003,29.17,345.6,69.8
Tamil Nadu,2004,28.93,1034.0,70.3
Tamil Nadu,2005,28.93,1364.1,72.0
Tamil Nadu,2006,29.2,927.9,70.6
Tamil Nadu,2007,29.38,1067.2,71.3
Tamil Nadu,2008,28.97,1201.9,73.7
Tamil Nadu,2009,28.92,928.5,72.0
Tamil Nadu,2010,29.38,1095.2,70.4
Tamil Nadu,2011,29.25,926.5,72.1
Tamil Nadu,2012,29.47,706.8,69.5
Tamil Nadu,2013,29.06,740.9,71.7
Tamil Nadu,2014,29.33,911.3,72.0
Tamil Nadu,2015,29.25,1201.9,71.9
Tamil Nadu,2016,29.36,912.4,72.0
Tamil Nadu,2017,29.17,970.9,74.1
Tamil Nadu,2018,29.42,986.2,70.5
Tamil Nadu,2019,29.51,910.1,70.5
Tamil Nadu,2020,29.55,1106.0,71.4
Karnataka,1997,26.29,1266.7,70.4
Karnataka,1998,26.28,1260.8,72.2
Karnataka,1999,26.11,1203.8,68.8
Karnataka,2000,26.0,1213.3,68.8
Karnataka,2001,26.26,1002.9,69.4
Karnataka,2002,26.41,860.8,69.5
Karnataka,2003,26.38,867.6,70.3
Karnataka,2004,26.24,1117.7,72.7
Karnataka,2005,26.36,1316.2,69.1
Karnataka,2006,26.11,1146.3,70.1
Karnataka,2007,26.23,1323.3,71.0
Karnataka,2008,26.45,1164.1,69.5
Karnataka,2009,26.14,1321.0,68.3
Karnataka,2010,26.24,1317.7,71.1
Karnataka,2011,26.45,1179.0,68.1
Karnataka,2012,26.55,956.2,69.3
Karnataka,2013,26.25,1235.6,70.0
Karnataka,2014,26.46,1238.5,68.5
Karnataka,2015,26.62,1024.9,69.8
Karnataka,2016,26.74,1147.2,70.8
Karnataka,2017,26.28,1111.7,68.3
Karnataka,2018,26.56,1419.1,71.1
Karnataka,2019,26.57,1422.3,75.1
Karnataka,2020,26.85,1093.1,70.5
Kerala,1997,26.73,3252.4,88.5
Kerala,1998,26.81,3151.5,87.6
Kerala,1999,26.73,2914.6,87.1
Kerala,2000,27.01,2412.6,88.7
Kerala,2001,26.43,2946.7,88.6
Kerala,2002,26.67,2511.2,85.7
Kerala,2003,27.28,2386.0,85.9
Kerala,2004,26.67,2880.2,86.7
Kerala,2005,26.98,3030.9,87.2
Kerala,2006,26.75,3429.7,89.6
Kerala,2007,26.57,3489.6,92.3
Kerala,2008,27.24,2524.8,83.9
Kerala,2009,27.05,2821.5,86.6
Kerala,2010,27.08,3131.8,87.5
Kerala,2011,26.94,3035.1,88.7
Kerala,2012,27.5,2187.6,83.7
Kerala,2013,26.85,3255.4,88.3
Kerala,2014,26.89,3046.4,90.3
Kerala,2015,27.3,2602.9,85.1
Kerala,2016,27.29,2924.3,90.3
Kerala,2017,27.44,2664.8,85.0
Kerala,2018,27.03,2989.7,89.5
Kerala,2019,26.95,3119.2,88.9
Kerala,2020,27.26,2277.4,85.4
Maharashtra,1997,26.09,1156.1,62.3
Maharashtra,1998,26.64,1314.8,62.6
Maharashtra,1999,27.1,1166.5,61.9
Maharashtra,2000,26.75,1057.8,63.4
Maharashtra,2001,27.15,1035.8,61.4
Maharashtra,2002,27.15,967.4,62.9
Maharashtra,2003,26.71,1037.4,63.7
Maharashtra,2004,26.96,1052.0,62.5
Maharashtra,2005,26.82,1387.2,63.9
Maharashtra,2006,26.83,1439.4,65.3
Maharashtra,2007,27.21,1257.2,62.4
Maharashtra,2008,27.43,1052.8,60.8
Maharashtra,2009,27.01,1002.4,63.7
Maharashtra,2010,26.96,1389.0,63.6
Maharashtra,2011,26.97,1174.1,63.0
Maharashtra,2012,26.98,1003.4,64.0
Maharashtra,2013,27.03,1409.8,63.6
Maharashtra,2014,27.32,1001.6,63.4
Maharashtra,2015,27.37,875.7,63.3
Maharashtra,2016,26.95,1151.1,62.9
Maharashtra,2017,27.3,1129.5,64.2
Maharashtra,2018,27.06,1387.4,64.5
Maharashtra,2019,27.27,1555.8,64.2
Maharashtra,2020,27.18,1091.6,63.1
Gujarat,1997,27.5,798.9,58.3
Gujarat,1998,27.47,775.6,58.8
Gujarat,1999,27.46,458.9,56.9
Gujarat,2000,27.45,379.7,56.2
Gujarat,2001,27.39,666.5,56.9
Gujarat,2002,27.64,458.4,55.1
Gujarat,2003,27.78,902.5,56.5
Gujarat,2004,27.21,719.8,58.4
Gujarat,2005,27.54,942.4,58.5
Gujarat,2006,27.48,1056.2,58.2
Gujarat,2007,27.21,1021.6,58.2
Gujarat,2008,27.39,746.1,58.3
Gujarat,2009,27.56,618.0,55.7
Gujarat,2010,27.35,1107.5,58.9
Gujarat,2011,27.41,890.5,56.6
Gujarat,2012,27.76,460.6,56.4
Gujarat,2013,27.42,1006.5,57.5
Gujarat,2014,27.74,605.6,54.9
Gujarat,2015,27.44,584.3,55.7
Gujarat,2016,27.65,710.5,57.4
Gujarat,2017,27.97,814.8,58.4
Gujarat,2018,27.54,1125.4,58.4
Gujarat,2019,27.41,1067.8,58.2
Gujarat,2020,27.87,642.2,55.8
Madhya Pradesh,1997,25.53,1189.1,58.5
Madhya Pradesh,1998,25.51,962.7,56.4
Madhya Pradesh,1999,25.59,1222.9,56.3
Madhya Pradesh,2000,25.72,723.3,55.0
Madhya Pradesh,2001,25.62,955.0,54.9
Madhya Pradesh,2002,25.68,800.8,55.9
Madhya Pradesh,2003,25.85,1163.0,57.7
Madhya Pradesh,2004,26.11,895.7,54.7
Madhya Pradesh,2005,25.82,1032.7,56.3
Madhya Pradesh,2006,26.09,1072.3,55.3
Madhya Pradesh,2007,25.64,740.4,54.4
Madhya Pradesh,2008,25.34,895.0,55.0
Madhya Pradesh,2009,25.63,904.1,55.8
Madhya Pradesh,2010,25.89,856.3,57.7
Madhya Pradesh,2011,26.03,852.6,54.8
Madhya Pradesh,2012,25.6,1049.5,56.8
Madhya Pradesh,2013,25.38,1451.4,59.8
Madhya Pradesh,2014,26.12,891.2,55.1
Madhya Pradesh,2015,25.52,1000.7,57.6
Madhya Pradesh,2016,25.84,1048.4,57.7
Madhya Pradesh,2017,25.66,800.0,54.6
Madhya Pradesh,2018,25.88,1102.2,56.4
Madhya Pradesh,2019,25.67,1446.7,58.3
Madhya Pradesh,2020,25.93,994.8,56.1
Uttar Pradesh,1997,25.41,473.9,61.0
Uttar Pradesh,1998,25.0,743.4,59.3
Uttar Pradesh,1999,25.44,883.4,62.0
Uttar Pradesh,2000,25.06,874.4,63.4
Uttar Pradesh,2001,25.26,849.9,62.9
Uttar Pradesh,2002,25.35,664.0,63.3
Uttar Pradesh,2003,25.54,1075.6,62.0
Uttar Pradesh,2004,25.55,704.0,61.7
Uttar Pradesh,2005,25.63,751.9,60.0
Uttar Pradesh,2006,25.58,590.5,61.8
Uttar Pradesh,2007,25.08,672.9,59.4
Uttar Pradesh,2008,24.96,891.6,61.3
Uttar Pradesh,2009,25.65,585.8,62.4
Uttar Pradesh,2010,25.48,742.6,63.1
Uttar Pradesh,2011,25.19,777.4,59.2
Uttar Pradesh,2012,25.49,746.3,61.6
Uttar Pradesh,2013,25.42,995.2,59.5
Uttar Pradesh,2014,25.58,616.4,59.1
Uttar Pradesh,2015,25.76,596.7,61.0
Uttar Pradesh,2016,25.31,965.3,61.3
Uttar Pradesh,2017,25.43,652.1,60.7
Uttar Pradesh,2018,25.79,792.8,60.1
Uttar Pradesh,2019,25.72,814.5,60.7
Uttar Pradesh,2020,25.53,1011.2,60.8
Punjab,1997,24.31,690.1,56.5
Punjab,1998,24.88,588.6,57.6
Punjab,1999,24.45,364.4,57.0
Punjab,2000,24.58,405.3,56.7
Punjab,2001,24.71,479.3,58.1
Punjab,2002,24.57,301.8,55.9
Punjab,2003,24.58,451.7,54.3
Punjab,2004,24.39,366.4,58.4
Punjab,2005,24.96,566.7,57.2
Punjab,2006,24.77,569.6,57.9
Punjab,2007,25.3,527.2,58.7
Punjab,2008,24.62,691.3,56.8
Punjab,2009,24.47,371.3,57.0
Punjab,2010,24.65,392.7,55.2
Punjab,2011,24.57,705.2,56.7
Punjab,2012,25.2,338.9,57.7
Punjab,2013,24.78,586.6,59.3
Punjab,2014,24.9,382.7,55.8
Punjab,2015,25.16,512.6,57.9
Punjab,2016,24.62,635.9,57.5
Punjab,2017,24.73,497.5,55.6
Punjab,2018,25.07,585.5,59.8
Punjab,2019,24.6,653.2,58.5
Punjab,2020,24.81,624.1,57.0
Haryana,1997,24.96,661.2,55.9
Haryana,1998,24.98,687.6,56.2
Haryana,1999,25.29,344.0,54.4
Haryana,2000,25.13,383.7,54.2
Haryana,2001,25.44,483.8,55.8
Haryana,2002,25.16,353.9,54.9
Haryana,2003,25.43,592.3,53.6
Haryana,2004,25.45,484.6,54.4
Haryana,2005,25.47,516.9,54.4
Haryana,2006,25.09,329.3,52.7
Haryana,2007,25.43,443.8,55.4
Haryana,2008,25.15,715.6,56.8
Haryana,2009,25.15,393.0,54.8
Haryana,2010,25.16,639.2,55.0
Haryana,2011,25.5,471.5,54.1
Haryana,2012,25.5,307.9,55.8
Haryana,2013,25.42,452.2,56.1
Haryana,2014,25.39,301.3,55.2
Haryana,2015,25.88,426.8,52.0
Haryana,2016,25.4,554.7,56.1
Haryana,2017,25.59,417.1,55.4
Haryana,2018,25.49,533.2,55.5
Haryana,2019,25.67,351.8,56.1
Haryana,2020,25.66,669.3,55.3
Rajasthan,1997,26.62,495.3,46.7
Rajasthan,1998,26.73,621.0,49.2
Rajasthan,1999,26.55,815.3,48.8
Rajasthan,2000,26.24,769.1,46.0
Rajasthan,2001,26.68,585.5,46.6
Rajasthan,2002,26.82,625.6,46.4
Rajasthan,2003,26.36,545.6,46.7
Rajasthan,2004,26.49,639.1,48.1
Rajasthan,2005,26.67,759.4,47.9
Rajasthan,2006,26.75,912.9,48.0
Rajasthan,2007,26.65,696.0,47.9
Rajasthan,2008,26.92,532.4,45.8
Rajasthan,2009,27.0,524.1,47.6
Rajasthan,2010,26.89,537.4,45.2
Rajasthan,2011,26.98,683.5,47.8
Rajasthan,2012,27.07,751.2,48.8
Rajasthan,2013,27.29,774.1,46.3
Rajasthan,2014,26.66,552.2,48.2
Rajasthan,2015,27.03,540.9,46.7
Rajasthan,2016,27.58,476.0,46.3
Rajasthan,2017,27.18,670.1,47.4
Rajasthan,2018,26.84,794.7,47.8
Rajasthan,2019,27.26,873.8,49.5
Rajasthan,2020,26.91,631.0,46.6
Bihar,1997,25.69,1303.7,69.4
Bihar,1998,25.35,1332.5,70.0
Bihar,1999,25.65,1402.7,67.9
Bihar,2000,25.57,1207.0,65.7
Bihar,2001,25.95,1247.0,68.0
Bihar,2002,25.6,1105.8,65.8
Bihar,2003,25.71,1353.9,70.2
Bihar,2004,25.83,1147.8,65.7
Bihar,2005,25.95,907.8,66.4
Bihar,2006,25.42,1052.8,67.1
Bihar,2007,25.71,1600.2,69.9
Bihar,2008,26.31,1197.7,69.0
Bihar,2009,26.03,889.3,65.3
Bihar,2010,26.72,629.2,65.8
Bihar,2011,26.04,1097.1,67.3
Bihar,2012,26.17,924.1,66.6
Bihar,2013,25.98,1069.9,66.6
Bihar,2014,26.11,1061.0,66.6
Bihar,2015,26.07,874.0,66.7
Bihar,2016,26.05,1205.6,69.5
Bihar,2017,25.63,1112.0,68.7
Bihar,2018,26.26,1521.4,66.3
Bihar,2019,26.09,1194.7,67.2
Bihar,2020,26.11,974.4,65.6
West Bengal,1997,26.41,1852.9,80.1
West Bengal,1998,26.21,2152.5,80.9
West Bengal,1999,25.69,2318.1,80.0
West Bengal,2000,26.19,1907.7,77.7
West Bengal,2001,26.4,1556.6,77.7
West Bengal,2002,26.17,1629.1,79.1
West Bengal,2003,26.4,1526.7,77.4
West Bengal,2004,26.53,1612.9,76.8
West Bengal,2005,26.42,1650.1,79.0
West Bengal,2006,26.27,1631.4,78.6
West Bengal,2007,25.95,2007.5,80.6
West Bengal,2008,26.36,1560.1,77.3
West Bengal,2009,26.72,1317.2,76.3
West Bengal,2010,26.34,1096.0,74.5
West Bengal,2011,26.53,1686.5,76.9
West Bengal,2012,26.82,1566.0,75.5
West Bengal,2013,26.68,1939.9,79.5
West Bengal,2014,26.53,1483.5,77.0
West Bengal,2015,26.55,1717.0,78.5
West Bengal,2016,26.68,1795.8,78.9
West Bengal,2017,26.5,1830.0,78.5
West Bengal,2018,26.4,2012.6,79.9
West Bengal,2019,26.2,1733.4,76.9
West Bengal,2020,26.85,1103.4,76.1
Odisha,1997,26.81,1496.6,76.2
Odisha,1998,26.77,1357.1,74.3
Odisha,1999,26.89,1484.3,74.5
Odisha,2000,27.12,1066.0,72.2
Odisha,2001,27.02,1672.5,76.9
Odisha,2002,27.11,1102.8,75.5
Odisha,2003,27.19,1648.2,77.5
Odisha,2004,26.66,1290.4,73.5
Odisha,2005,26.83,1503.4,75.8
Odisha,2006,27.0,1716.9,75.6
Odisha,2007,26.98,1633.8,75.3
Odisha,2008,26.88,1539.0,74.2
Odisha,2009,26.92,1330.3,73.5
Odisha,2010,26.95,1291.9,76.3
Odisha,2011,26.95,1346.2,78.4
Odisha,2012,27.23,1430.2,75.7
Odisha,2013,26.9,1632.4,77.1
Odisha,2014,27.01,1536.9,76.0
Odisha,2015,27.79,1210.1,74.6
Odisha,2016,27.43,1460.5,74.8
Odisha,2017,27.26,1344.4,77.3
Odisha,2018,27.04,1635.9,78.4
Odisha,2019,27.34,1593.9,75.4
Odisha,2020,27.62,1096.8,75.1
Assam,1997,23.47,2051.4,84.8
Assam,1998,23.63,2354.4,86.7
Assam,1999,23.88,2201.8,86.4
Assam,2000,23.61,1965.5,85.8
Assam,2001,24.07,1824.7,85.6
Assam,2002,24.13,1973.6,86.4
Assam,2003,23.93,2213.7,86.2
Assam,2004,23.39,2536.9,87.9
Assam,2005,23.93,2184.6,86.5
Assam,2006,23.81,1774.9,83.4
Assam,2007,24.15,2154.1,86.0
Assam,2008,24.11,2109.9,85.9
Assam,2009,24.16,1727.1,85.7
Assam,2010,23.73,2578.5,87.6
Assam,2011,24.09,1743.4,84.1
Assam,2012,23.97,2167.5,86.4
Assam,2013,24.11,1797.7,86.3
Assam,2014,24.0,1899.0,84.9
Assam,2015,24.01,2155.3,87.8
Assam,2016,24.1,2296.8,87.8
Assam,2017,23.86,2098.6,86.2
Assam,2018,24.25,2372.9,86.9
Assam,2019,24.42,2084.7,85.2
Assam,2020,24.59,2328.2,86.2
Chhattisgarh,1997,26.45,849.5,66.4
Chhattisgarh,1998,26.03,1008.0,64.7
Chhattisgarh,1999,25.9,1131.7,64.3
Chhattisgarh,2000,26.05,896.4,64.6
Chhattisgarh,2001,26.01,1550.0,68.8
Chhattisgarh,2002,26.0,1001.4,66.2
Chhattisgarh,2003,25.92,1643.7,67.2
Chhattisgarh,2004,26.33,1122.8,64.1
Chhattisgarh,2005,26.22,1292.7,66.2
Chhattisgarh,2006,26.25,1317.2,66.5
Chhattisgarh,2007,26.69,1246.2,65.1
Chhattisgarh,2008,26.17,1117.9,64.7
Chhattisgarh,2009,26.25,956.9,64.1
Chhattisgarh,2010,26.48,1283.1,67.7
Chhattisgarh,2011,26.14,1302.7,65.1
Chhattisgarh,2012,26.35,1366.8,65.6
Chhattisgarh,2013,26.38,1418.3,66.7
Chhattisgarh,2014,26.03,1274.7,67.8
Chhattisgarh,2015,26.76,1136.0,64.7
Chhattisgarh,2016,26.28,1298.9,66.4
Chhattisgarh,2017,26.52,1124.5,66.2
Chhattisgarh,2018,26.72,1515.5,66.6
Chhattisgarh,2019,26.21,1420.3,64.8
Chhattisgarh,2020,26.55,1015.0,67.2
Jharkhand,1997,25.51,845.2,65.4
Jharkhand,1998,25.88,1110.7,65.8
Jharkhand,1999,25.58,1183.0,67.5
Jharkhand,2000,25.44,1346.8,66.8
Jharkhand,2001,25.65,1124.1,67.4
Jharkhand,2002,25.58,1041.2,67.4
Jharkhand,2003,25.65,1258.3,68.6
Jharkhand,2004,25.61,1149.2,66.3
Jharkhand,2005,25.6,965.2,67.3
Jharkhand,2006,25.23,1465.1,68.1
Jharkhand,2007,25.34,1444.7,67.6
Jharkhand,2008,25.76,1295.2,67.3
Jharkhand,2009,25.65,996.1,64.4
Jharkhand,2010,25.93,694.6,65.7
Jharkhand,2011,25.96,1374.7,66.9
Jharkhand,2012,25.7,1102.0,66.7
Jharkhand,2013,25.93,1253.6,66.8
Jharkhand,2014,25.73,1156.6,67.3
Jharkhand,2015,25.76,1085.6,65.8
Jharkhand,2016,25.7,1296.3,68.3
Jharkhand,2017,25.53,1165.7,66.7
Jharkhand,2018,25.59,1222.7,68.2
Jharkhand,2019,25.48,1137.8,65.8
Jharkhand,2020,26.14,1081.4,66.2
Himachal Pradesh,1997,17.94,842.9,58.7
Himachal Pradesh,1998,16.93,1381.6,62.9
Himachal Pradesh,1999,17.38,1144.9,60.3
Himachal Pradesh,2000,17.67,1068.4,61.5
Himachal Pradesh,2001,17.5,918.1,59.2
Himachal Pradesh,2002,17.82,890.8,61.4
Himachal Pradesh,2003,17.56,1112.6,63.6
Himachal Pradesh,2004,17.45,939.2,59.0
Himachal Pradesh,2005,17.42,1248.1,61.8
Himachal Pradesh,2006,17.65,1207.0,61.4
Himachal Pradesh,2007,17.73,1095.4,59.8
Himachal Pradesh,2008,17.87,1357.1,62.2
Himachal Pradesh,2009,17.98,969.9,61.3
Himachal Pradesh,2010,17.72,1319.8,62.8
Himachal Pradesh,2011,17.83,1108.3,62.2
Himachal Pradesh,2012,18.05,1035.0,61.4
Himachal Pradesh,2013,17.88,1216.9,61.7
Himachal Pradesh,2014,18.12,1019.9,60.3
Himachal Pradesh,2015,18.13,1223.2,61.7
Himachal Pradesh,2016,17.44,1373.9,62.5
Himachal Pradesh,2017,17.69,1182.2,62.6
Himachal Pradesh,2018,17.77,1052.2,60.6
Himachal Pradesh,2019,17.48,1217.7,61.2
Himachal Pradesh,2020,17.68,913.4,61.6
Uttarakhand,1997,19.92,923.4,62.6
Uttarakhand,1998,19.8,1036.6,62.7
Uttarakhand,1999,19.89,1302.5,64.8
Uttarakhand,2000,19.7,1413.4,65.7
Uttarakhand,2001,19.26,1541.3,65.6
Uttarakhand,2002,19.52,1610.3,64.9
Uttarakhand,2003,19.57,1734.3,68.7
Uttarakhand,2004,19.98,1219.6,64.1
Uttarakhand,2005,19.93,1353.3,66.9
Uttarakhand,2006,20.09,1178.9,64.7
Uttarakhand,2007,19.5,1924.3,68.1
Uttarakhand,2008,19.95,1363.7,66.3
Uttarakhand,2009,20.23,847.8,64.7
Uttarakhand,2010,19.79,1419.0,67.0
Uttarakhand,2011,19.89,1564.7,68.5
Uttarakhand,2012,19.84,1309.8,67.2
Uttarakhand,2013,19.87,1735.4,65.8
Uttarakhand,2014,19.93,1287.4,64.6
Uttarakhand,2015,20.15,1247.6,65.5
Uttarakhand,2016,19.83,1580.9,66.0
Uttarakhand,2017,20.44,1475.8,67.7
Uttarakhand,2018,20.16,1373.0,65.4
Uttarakhand,2019,20.11,1378.9,66.1
Uttarakhand,2020,19.93,1313.9,64.8
Jammu and Kashmir,1997,13.72,1356.2,59.7
Jammu and Kashmir,1998,14.09,1078.3,60.2
Jammu and Kashmir,1999,14.13,667.1,55.1
Jammu and Kashmir,2000,14.31,989.5,59.2
Jammu and Kashmir,2001,14.64,953.8,57.3
Jammu and Kashmir,2002,14.54,933.2,57.7
Jammu and Kashmir,2003,14.11,1430.3,60.6
Jammu and Kashmir,2004,14.46,1032.1,56.2
Jammu and Kashmir,2005,14.37,1721.8,62.2
Jammu and Kashmir,2006,13.94,1786.5,61.2
Jammu and Kashmir,2007,14.48,1042.2,58.5
Jammu and Kashmir,2008,14.15,1390.1,58.6
Jammu and Kashmir,2009,14.53,751.7,58.5
Jammu and Kashmir,2010,14.43,1352.0,58.8
Jammu and Kashmir,2011,14.68,887.6,54.2
Jammu and Kashmir,2012,14.68,1116.7,56.3
Jammu and Kashmir,2013,14.37,1193.8,57.3
Jammu and Kashmir,2014,14.17,1278.4,60.4
Jammu and Kashmir,2015,14.24,1572.6,60.4
Jammu and Kashmir,2016,14.61,902.8,58.2
Jammu and Kashmir,2017,14.5,1279.1,57.4
Jammu and Kashmir,2018,14.81,1016.3,57.5
Jammu and Kashmir,2019,14.2,1324.1,58.6
Jammu and Kashmir,2020,14.77,1148.9,58.1
Goa,1997,26.66,3680.3,88.0
Goa,1998,27.45,2964.9,86.3
Goa,1999,26.77,3879.3,90.3
Goa,2000,26.75,3886.9,88.8
Goa,2001,27.23,2530.6,84.3
Goa,2002,27.29,2516.3,85.2
Goa,2003,27.13,3011.6,86.9
Goa,2004,27.32,2518.0,84.4
Goa,2005,26.6,3392.8,88.5
Goa,2006,27.28,2928.8,86.9
Goa,2007,26.35,3674.7,90.9
Goa,2008,27.08,3271.6,88.3
Goa,2009,26.9,3334.9,87.9
Goa,2010,26.57,4193.3,89.4
Goa,2011,27.53,3340.4,87.0
Goa,2012,27.32,3048.9,87.2
Goa,2013,27.16,3642.6,88.4
Goa,2014,27.22,3491.2,90.6
Goa,2015,27.51,2587.1,84.8
Goa,2016,27.48,3266.9,88.3
Goa,2017,27.73,2772.5,86.0
Goa,2018,26.63,4406.0,92.9
Goa,2019,26.61,4489.5,91.6
Goa,2020,27.79,2155.1,83.4
Tripura,1997,24.82,1921.6,85.2
Tripura,1998,24.62,2472.9,84.9
Tripura,1999,24.87,2147.4,85.4
Tripura,2000,24.34,2437.5,85.7
Tripura,2001,24.81,2284.4,84.1
Tripura,2002,24.84,2579.8,85.3
Tripura,2003,24.65,2487.9,85.0
Tripura,2004,24.56,2706.3,84.7
Tripura,2005,24.67,1765.9,84.6
Tripura,2006,24.8,1764.3,81.5
Tripura,2007,24.14,2831.8,85.6
Tripura,2008,24.72,1827.8,84.9
Tripura,2009,25.14,2004.2,82.7
Tripura,2010,25.27,2348.3,85.9
Tripura,2011,24.8,2295.6,81.5
Tripura,2012,25.51,1882.2,81.4
Tripura,2013,24.67,2043.5,84.9
Tripura,2014,25.52,2015.7,85.2
Tripura,2015,25.04,2334.4,85.4
Tripura,2016,25.06,2475.3,86.1
Tripura,2017,24.63,3326.8,88.3
Tripura,2018,25.04,2169.1,83.2
Tripura,2019,24.98,2252.8,82.4
Tripura,2020,24.88,2207.6,82.9
Meghalaya,1997,19.41,3818.2,95.5
Meghalaya,1998,18.48,6552.7,98.0
Meghalaya,1999,18.26,6200.3,98.0
Meghalaya,2000,18.26,6258.8,98.0
Meghalaya,2001,19.39,4241.0,94.2
Meghalaya,2002,19.28,4355.3,94.1
Meghalaya,2003,19.57,3321.3,92.5
Meghalaya,2004,18.81,4767.9,97.7
Meghalaya,2005,19.71,3374.4,93.0
Meghalaya,2006,20.14,2454.7,90.7
Meghalaya,2007,19.24,4702.0,96.4
Meghalaya,2008,19.9,3114.3,92.1
Meghalaya,2009,19.95,2995.9,91.0
Meghalaya,2010,19.77,3119.7,90.6
Meghalaya,2011,19.27,4083.1,96.9
Meghalaya,2012,19.77,2945.3,90.0
Meghalaya,2013,20.1,2448.4,90.1
Meghalaya,2014,19.79,3484.4,94.2
Meghalaya,2015,19.58,3870.8,94.4
Meghalaya,2016,19.58,3837.1,96.5
Meghalaya,2017,19.27,4472.3,96.5
Meghalaya,2018,19.19,5649.1,98.0
Meghalaya,2019,19.77,3844.4,93.8
Meghalaya,2020,20.44,2218.9,89.4
Manipur,1997,21.22,2053.3,81.0
Manipur,1998,20.6,1855.0,80.9
Manipur,1999,21.32,2092.7,80.9
Manipur,2000,21.2,1969.7,83.4
Manipur,2001,20.76,2013.1,82.2
Manipur,2002,21.33,1743.7,80.1
Manipur,2003,21.4,687.7,76.2
Manipur,2004,20.89,1613.3,79.4
Manipur,2005,20.88,1585.4,80.1
Manipur,2006,21.01,1533.6,80.1
Manipur,2007,20.91,1435.7,79.9
Manipur,2008,21.53,1134.8,76.1
Manipur,2009,21.52,992.5,79.4
Manipur,2010,20.75,2160.5,84.1
Manipur,2011,21.35,1533.6,79.0
Manipur,2012,21.42,1176.7,79.3
Manipur,2013,21.36,1428.8,80.1
Manipur,2014,21.36,987.5,78.2
Manipur,2015,21.15,1329.1,79.0
Manipur,2016,20.98,2039.8,80.8
Manipur,2017,21.54,1780.0,82.0
Manipur,2018,21.66,1196.9,77.4
Manipur,2019,21.8,1203.9,78.9
Manipur,2020,21.66,1198.0,78.9
Nagaland,1997,20.58,1398.5,82.6
Nagaland,1998,20.59,1498.0,83.6
Nagaland,1999,20.72,1782.2,82.8
Nagaland,2000,20.34,1631.8,81.0
Nagaland,2001,20.77,1532.0,81.5
Nagaland,2002,20.25,1536.6,83.3
Nagaland,2003,21.13,1709.8,83.5
Nagaland,2004,20.82,1711.5,83.6
Nagaland,2005,20.71,1568.6,84.1
Nagaland,2006,20.78,1362.5,82.6
Nagaland,2007,20.76,1769.0,82.9
Nagaland,2008,21.0,1540.9,82.7
Nagaland,2009,20.8,1225.9,82.4
Nagaland,2010,20.57,1771.8,83.7
Nagaland,2011,20.86,1544.4,84.2
Nagaland,2012,21.08,1296.6,82.0
Nagaland,2013,21.14,1350.9,83.9
Nagaland,2014,21.12,1333.3,82.2
Nagaland,2015,20.77,1308.3,80.8
Nagaland,2016,20.74,1959.8,83.6
Nagaland,2017,20.87,1722.1,83.6
Nagaland,2018,21.18,1372.7,82.2
Nagaland,2019,21.1,1593.0,83.2
Nagaland,2020,21.1,940.3,80.6
Mizoram,1997,20.6,2644.2,88.5
Mizoram,1998,21.17,2640.7,89.2
Mizoram,1999,20.88,2535.9,89.2
Mizoram,2000,20.86,2834.3,88.0
Mizoram,2001,20.89,2406.4,86.6
Mizoram,2002,20.87,2627.0,87.9
Mizoram,2003,21.05,2499.5,87.3
Mizoram,2004,21.07,2640.8,89.2
Mizoram,2005,21.42,2075.4,84.0
Mizoram,2006,20.63,2353.0,87.9
Mizoram,2007,20.59,3095.2,89.1
Mizoram,2008,21.12,1912.1,83.0
Mizoram,2009,21.41,2086.3,86.7
Mizoram,2010,20.95,2738.7,85.0
Mizoram,2011,21.1,2439.3,87.5
Mizoram,2012,21.08,2050.2,85.9
Mizoram,2013,21.48,1848.8,85.7
Mizoram,2014,21.45,2029.9,84.4
Mizoram,2015,21.57,2310.8,86.4
Mizoram,2016,21.22,2626.8,86.6
Mizoram,2017,20.67,3865.8,91.0
Mizoram,2018,21.62,1665.2,86.4
Mizoram,2019,21.19,2178.5,84.2
Mizoram,2020,21.86,1147.1,81.7
Arunachal Pradesh,1997,18.9,2274.9,86.7
Arunachal Pradesh,1998,18.54,3616.7,93.0
Arunachal Pradesh,1999,18.61,2338.6,90.3
Arunachal Pradesh,2000,18.68,2157.7,87.9
Arunachal Pradesh,2001,18.89,2128.5,88.5
Arunachal Pradesh,2002,18.88,2832.8,89.5
Arunachal Pradesh,2003,18.46,2782.2,89.8
Arunachal Pradesh,2004,18.43,2939.5,92.2
Arunachal Pradesh,2005,18.68,2767.0,88.7
Arunachal Pradesh,2006,19.04,1940.0,84.7
Arunachal Pradesh,2007,18.32,3223.9,92.2
Arunachal Pradesh,2008,18.79,2244.4,86.1
Arunachal Pradesh,2009,19.27,1701.9,86.9
Arunachal Pradesh,2010,18.97,2574.1,89.7
Arunachal Pradesh,2011,18.85,2193.7,85.5
Arunachal Pradesh,2012,19.1,2760.7,88.8
Arunachal Pradesh,2013,19.05,2042.9,88.2
Arunachal Pradesh,2014,19.09,2403.2,88.5
Arunachal Pradesh,2015,19.36,2593.2,87.8
Arunachal Pradesh,2016,18.99,2933.7,89.8
Arunachal Pradesh,2017,18.96,2745.5,90.9
Arunachal Pradesh,2018,18.92,2992.9,90.6
Arunachal Pradesh,2019,19.28,2433.3,87.6
Arunachal Pradesh,2020,18.99,2148.3,84.7
Sikkim,1997,16.49,2804.1,85.0
Sikkim,1998,15.9,3183.8,87.3
Sikkim,1999,16.23,2678.5,86.9
Sikkim,2000,16.43,2504.8,84.6
Sikkim,2001,16.3,2372.5,85.1
Sikkim,2002,16.25,2496.2,87.2
Sikkim,2003,16.28,2838.1,87.3
Sikkim,2004,16.81,1650.5,83.7
Sikkim,2005,16.58,2041.6,82.1
Sikkim,2006,16.55,2270.2,83.7
Sikkim,2007,16.49,2003.4,84.2
Sikkim,2008,16.77,2247.5,84.4
Sikkim,2009,16.63,2176.6,86.2
Sikkim,2010,16.5,2527.0,88.5
Sikkim,2011,16.56,2585.5,83.4
Sikkim,2012,16.45,3006.9,87.5
Sikkim,2013,16.75,2567.6,86.3
Sikkim,2014,16.46,2627.0,84.2
Sikkim,2015,16.34,2949.1,85.8
Sikkim,2016,16.28,2971.6,87.6
Sikkim,2017,16.78,2873.6,87.0
Sikkim,2018,16.04,3350.1,88.8
Sikkim,2019,16.78,2740.0,85.4
Sikkim,2020,16.78,2204.7,83.3
Puducherry,1997,28.71,915.1,74.2
Puducherry,1998,28.37,1434.6,75.0
Puducherry,1999,28.71,1434.6,75.1
Puducherry,2000,28.93,1434.6,75.0
Puducherry,2001,28.65,1434.6,76.6
Puducherry,2002,28.34,1434.6,73.4
Puducherry,2003,28.34,1434.6,77.0
Puducherry,2004,28.56,1434.6,78.6
Puducherry,2005,28.57,1434.6,75.7
Puducherry,2006,29.01,1434.6,77.9
Puducherry,2007,29.14,1434.6,77.0
Puducherry,2008,28.95,1434.6,76.2
Puducherry,2009,28.92,1434.6,74.9
Puducherry,2010,28.62,1434.6,75.5
Puducherry,2011,28.77,1434.6,75.0
Puducherry,2012,29.1,1098.3,75.5
Puducherry,2013,29.0,1083.2,76.1
Puducherry,2014,28.68,1330.0,74.9
Puducherry,2015,28.52,1980.6,75.2
Puducherry,2016,28.91,1391.3,75.2
Puducherry,2017,29.17,1582.4,76.8
Puducherry,2018,28.64,1693.9,78.7
Puducherry,2019,29.26,1317.0,75.8
Puducherry,2020,28.95,1045.2,73.7
Delhi,1997,25.6,941.5,57.6
Delhi,1998,25.21,784.5,53.9
Delhi,1999,25.52,365.9,51.7
Delhi,2000,25.51,544.3,54.2
Delhi,2001,25.34,611.9,52.7
Delhi,2002,25.57,593.6,53.9
Delhi,2003,25.1,962.3,52.4
Delhi,2004,25.47,651.9,56.9
Delhi,2005,25.83,653.1,54.2
Delhi,2006,25.47,462.7,54.7
Delhi,2007,25.33,677.5,55.2
Delhi,2008,25.73,614.6,56.1
Delhi,2009,25.61,528.4,54.1
Delhi,2010,25.29,989.5,55.0
Delhi,2011,25.58,641.4,55.2
Delhi,2012,25.9,451.9,53.1
Delhi,2013,25.94,706.8,54.6
Delhi,2014,25.77,416.4,53.1
Delhi,2015,25.17,757.7,56.2
Delhi,2016,25.83,747.1,54.8
Delhi,2017,25.8,533.7,55.0
Delhi,2018,25.44,678.5,54.2
Delhi,2019,25.98,546.9,52.9
Delhi,2020,25.36,1076.4,56.8
